Timestamp, Device ID, Start Time, Received Time, Delay (ms)
2022-01-13 17:11:38,NF2,1642068698.5399218,1642068698.5399876,0.07
2022-01-13 17:11:38,NF1,1642068698.6117306,1642068698.6117895,0.06
2022-01-13 17:11:40,NF2,1642068700.709105,1642068700.7091763,0.07
2022-01-13 17:11:40,NF1,1642068700.7836843,1642068700.7837589,0.07
2022-01-13 17:11:42,NF1,1642068702.9412162,1642068702.941282,0.07
2022-01-13 17:11:43,NF2,1642068703.0415263,1642068703.0415525,0.03
2022-01-13 17:11:45,NF2,1642068705.2209644,1642068705.2209888,0.02
2022-01-13 17:11:45,NF1,1642068705.279778,1642068705.279811,0.03
2022-01-13 17:11:47,NF2,1642068707.3833745,1642068707.3834536,0.08
2022-01-13 17:11:47,NF1,1642068707.4488096,1642068707.448844,0.03
2022-01-13 17:11:49,NF1,1642068709.6440256,1642068709.6441207,0.1
2022-01-13 17:11:50,NF2,1642068710.029357,1642068710.0293849,0.03
2022-01-13 17:11:52,NF2,1642068712.201761,1642068712.2018015,0.04
2022-01-13 17:11:52,NF1,1642068712.2557862,1642068712.2558112,0.03
2022-01-13 17:11:54,NF2,1642068714.5587204,1642068714.558808,0.09
2022-01-13 17:11:54,NF1,1642068714.560475,1642068714.5605242,0.05
2022-01-13 17:11:56,NF2,1642068716.510223,1642068716.5103195,0.1
2022-01-13 17:11:56,NF1,1642068716.5783713,1642068716.5784397,0.07
2022-01-13 17:11:58,NF2,1642068718.6740363,1642068718.6741076,0.07
2022-01-13 17:11:58,NF1,1642068718.7601771,1642068718.7602413,0.06
2022-01-13 17:12:00,NF1,1642068720.9017785,1642068720.9018385,0.06
2022-01-13 17:12:01,NF2,1642068721.0206199,1642068721.0206857,0.07
2022-01-13 17:12:03,NF2,1642068723.2886672,1642068723.2887843,0.12
2022-01-13 17:12:03,NF1,1642068723.3246467,1642068723.3246703,0.02
2022-01-13 17:12:05,NF2,1642068725.358348,1642068725.3583765,0.03
2022-01-13 17:12:05,NF1,1642068725.4429984,1642068725.4430606,0.06
2022-01-13 17:12:07,NF1,1642068727.5913162,1642068727.5913758,0.06
2022-01-13 17:12:08,NF2,1642068728.0015807,1642068728.0016108,0.03
2022-01-13 17:12:10,NF2,1642068730.179493,1642068730.1795838,0.09
2022-01-13 17:12:10,NF1,1642068730.2416599,1642068730.2417097,0.05
2022-01-13 17:12:12,NF2,1642068732.3565345,1642068732.3570635,0.53
2022-01-13 17:12:12,NF1,1642068732.4266644,1642068732.426704,0.04
2022-01-13 17:12:14,NF2,1642068734.5151386,1642068734.51518,0.04
2022-01-13 17:12:14,NF1,1642068734.5831938,1642068734.5832367,0.04
2022-01-13 17:12:16,NF2,1642068736.658595,1642068736.6586916,0.1
2022-01-13 17:12:16,NF1,1642068736.721476,1642068736.7215464,0.07
2022-01-13 17:12:18,NF1,1642068738.8879166,1642068738.8879645,0.05
2022-01-13 17:12:18,NF2,1642068738.9920335,1642068738.9920688,0.04
2022-01-13 17:12:21,NF2,1642068741.1559494,1642068741.1559966,0.05
2022-01-13 17:12:21,NF1,1642068741.2256389,1642068741.2257125,0.07
2022-01-13 17:12:23,NF2,1642068743.3485763,1642068743.3486354,0.06
2022-01-13 17:12:23,NF1,1642068743.431339,1642068743.4313936,0.05
2022-01-13 17:12:25,NF1,1642068745.58991,1642068745.589962,0.05
2022-01-13 17:12:25,NF2,1642068745.9727662,1642068745.97281,0.04
2022-01-13 17:12:28,NF2,1642068748.160488,1642068748.1605663,0.08
2022-01-13 17:12:28,NF1,1642068748.2115023,1642068748.2115269,0.02
2022-01-13 17:12:30,NF2,1642068750.3095353,1642068750.3096168,0.08
2022-01-13 17:12:30,NF1,1642068750.393415,1642068750.3934674,0.05
2022-01-13 17:12:32,NF2,1642068752.4565399,1642068752.456592,0.05
2022-01-13 17:12:32,NF1,1642068752.5368164,1642068752.5368621,0.05
2022-01-13 17:12:34,NF2,1642068754.6143515,1642068754.6144218,0.07
2022-01-13 17:12:34,NF1,1642068754.7024584,1642068754.702517,0.06
2022-01-13 17:12:36,NF1,1642068756.8500967,1642068756.8501313,0.03
2022-01-13 17:12:36,NF2,1642068756.963528,1642068756.963563,0.04
2022-01-13 17:12:39,NF2,1642068759.1311517,1642068759.131207,0.06
2022-01-13 17:12:39,NF1,1642068759.216519,1642068759.216564,0.04
2022-01-13 17:12:41,NF2,1642068761.290463,1642068761.2905507,0.09
2022-01-13 17:12:41,NF1,1642068761.3578763,1642068761.3579316,0.06
2022-01-13 17:12:43,NF1,1642068763.534145,1642068763.5342832,0.14
2022-01-13 17:12:43,NF2,1642068763.9324737,1642068763.9324992,0.03
2022-01-13 17:12:46,NF2,1642068766.1235268,1642068766.123603,0.08
2022-01-13 17:12:46,NF1,1642068766.171661,1642068766.1716902,0.03
2022-01-13 17:12:48,NF2,1642068768.3789122,1642068768.3789363,0.02
2022-01-13 17:12:48,NF1,1642068768.395222,1642068768.3952627,0.04
2022-01-13 17:12:50,NF2,1642068770.4586575,1642068770.4587982,0.14
2022-01-13 17:12:50,NF1,1642068770.5106795,1642068770.5107338,0.05
2022-01-13 17:12:52,NF2,1642068772.6041803,1642068772.6042473,0.07
2022-01-13 17:12:52,NF1,1642068772.6772487,1642068772.6772935,0.04
2022-01-13 17:12:54,NF1,1642068774.8169878,1642068774.8170133,0.03
2022-01-13 17:12:54,NF2,1642068774.9375248,1642068774.9375713,0.05
2022-01-13 17:12:57,NF2,1642068777.1771536,1642068777.1772068,0.05
2022-01-13 17:12:57,NF1,1642068777.2049603,1642068777.2049823,0.02
2022-01-13 17:12:59,NF2,1642068779.281059,1642068779.2811174,0.06
2022-01-13 17:12:59,NF1,1642068779.3831453,1642068779.3831804,0.04
2022-01-13 17:13:01,NF1,1642068781.5529187,1642068781.5529935,0.07
2022-01-13 17:13:01,NF2,1642068781.9339783,1642068781.9340339,0.06
2022-01-13 17:13:04,NF2,1642068784.0937815,1642068784.0938253,0.04
2022-01-13 17:13:04,NF1,1642068784.1553,1642068784.1553257,0.03
2022-01-13 17:13:06,NF2,1642068786.2637713,1642068786.2639918,0.22
2022-01-13 17:13:06,NF1,1642068786.3408298,1642068786.340885,0.06
2022-01-13 17:13:08,NF2,1642068788.4122868,1642068788.4123802,0.09
2022-01-13 17:13:08,NF1,1642068788.4911895,1642068788.4912372,0.05
2022-01-13 17:13:10,NF2,1642068790.6012769,1642068790.6013372,0.06
2022-01-13 17:13:10,NF1,1642068790.6430578,1642068790.6430821,0.02
2022-01-13 17:13:13,NF1,1642068793.0679045,1642068793.0679512,0.05
2022-01-13 17:13:13,NF2,1642068793.1518526,1642068793.1518764,0.02
2022-01-13 17:13:15,NF2,1642068795.080712,1642068795.080749,0.04
2022-01-13 17:13:15,NF1,1642068795.160095,1642068795.1601484,0.05
2022-01-13 17:13:17,NF2,1642068797.249099,1642068797.2491384,0.04
2022-01-13 17:13:17,NF1,1642068797.316279,1642068797.3163204,0.04
2022-01-13 17:13:19,NF1,1642068799.5252056,1642068799.5252585,0.05
2022-01-13 17:13:19,NF2,1642068799.8852646,1642068799.885316,0.05
2022-01-13 17:13:22,NF2,1642068802.068124,1642068802.068176,0.05
2022-01-13 17:13:22,NF1,1642068802.1376057,1642068802.137669,0.06
2022-01-13 17:13:24,NF2,1642068804.2107255,1642068804.210821,0.1
2022-01-13 17:13:24,NF1,1642068804.3068662,1642068804.306944,0.08
2022-01-13 17:13:26,NF2,1642068806.3598819,1642068806.3599255,0.04
2022-01-13 17:13:26,NF1,1642068806.4671657,1642068806.4672348,0.07
2022-01-13 17:13:28,NF2,1642068808.5260577,1642068808.5261312,0.07
2022-01-13 17:13:28,NF1,1642068808.6189737,1642068808.6190338,0.06
2022-01-13 17:13:30,NF1,1642068810.786227,1642068810.786297,0.07
2022-01-13 17:13:30,NF2,1642068810.8700194,1642068810.8700626,0.04
2022-01-13 17:13:33,NF2,1642068813.02944,1642068813.0294623,0.02
2022-01-13 17:13:33,NF1,1642068813.1200893,1642068813.1201134,0.02
2022-01-13 17:13:35,NF2,1642068815.1956406,1642068815.1956823,0.04
2022-01-13 17:13:35,NF1,1642068815.3043582,1642068815.304409,0.05
2022-01-13 17:13:37,NF1,1642068817.4932096,1642068817.4932463,0.04
2022-01-13 17:13:37,NF2,1642068817.8613787,1642068817.861401,0.02
2022-01-13 17:13:40,NF2,1642068820.0506024,1642068820.0506518,0.05
2022-01-13 17:13:40,NF1,1642068820.100621,1642068820.1006446,0.02
2022-01-13 17:13:42,NF2,1642068822.1904469,1642068822.1905382,0.09
2022-01-13 17:13:42,NF1,1642068822.2887356,1642068822.288801,0.07
2022-01-13 17:13:44,NF2,1642068824.3360517,1642068824.3360772,0.03
2022-01-13 17:13:44,NF1,1642068824.452283,1642068824.452351,0.07
2022-01-13 17:13:46,NF2,1642068826.5077362,1642068826.5078268,0.09
2022-01-13 17:13:46,NF1,1642068826.5903006,1642068826.590336,0.04
2022-01-13 17:13:48,NF1,1642068828.8010185,1642068828.8010743,0.06
2022-01-13 17:13:48,NF2,1642068828.8635254,1642068828.8635867,0.06
2022-01-13 17:13:51,NF2,1642068831.0199728,1642068831.0200346,0.06
2022-01-13 17:13:51,NF1,1642068831.0946157,1642068831.094642,0.03
2022-01-13 17:13:53,NF2,1642068833.1919808,1642068833.1921096,0.13
2022-01-13 17:13:53,NF1,1642068833.2748373,1642068833.274881,0.04
2022-01-13 17:13:55,NF1,1642068835.4286847,1642068835.4287882,0.1
2022-01-13 17:13:55,NF2,1642068835.8315449,1642068835.8315701,0.03
2022-01-13 17:13:57,NF2,1642068837.999471,1642068837.999581,0.11
2022-01-13 17:13:58,NF1,1642068838.076855,1642068838.0768847,0.03
2022-01-13 17:14:00,NF2,1642068840.1633513,1642068840.1634321,0.08
2022-01-13 17:14:00,NF1,1642068840.2436903,1642068840.2437499,0.06
2022-01-13 17:14:02,NF2,1642068842.373723,1642068842.373773,0.05
2022-01-13 17:14:02,NF1,1642068842.4381583,1642068842.4382136,0.06
2022-01-13 17:14:04,NF2,1642068844.4930427,1642068844.4931529,0.11
2022-01-13 17:14:04,NF1,1642068844.56373,1642068844.563792,0.06
2022-01-13 17:14:06,NF1,1642068846.717213,1642068846.7172375,0.02
2022-01-13 17:14:06,NF2,1642068846.815313,1642068846.8153598,0.05
2022-01-13 17:14:08,NF2,1642068848.9800968,1642068848.9801528,0.06
2022-01-13 17:14:09,NF1,1642068849.1788938,1642068849.178916,0.02
2022-01-13 17:14:11,NF2,1642068851.1475048,1642068851.1475892,0.08
2022-01-13 17:14:11,NF1,1642068851.2400815,1642068851.2401133,0.03
2022-01-13 17:14:13,NF1,1642068853.395487,1642068853.3955638,0.08
2022-01-13 17:14:13,NF2,1642068853.7909617,1642068853.7909946,0.03
2022-01-13 17:14:15,NF2,1642068855.9740348,1642068855.9741225,0.09
2022-01-13 17:14:16,NF1,1642068856.0394683,1642068856.0395086,0.04
2022-01-13 17:14:18,NF2,1642068858.1479945,1642068858.148074,0.08
2022-01-13 17:14:18,NF1,1642068858.2208443,1642068858.2208903,0.05
2022-01-13 17:14:20,NF2,1642068860.2885034,1642068860.2885673,0.06
2022-01-13 17:14:20,NF1,1642068860.3632271,1642068860.3632681,0.04
2022-01-13 17:14:22,NF2,1642068862.4377115,1642068862.4377615,0.05
2022-01-13 17:14:22,NF1,1642068862.5486028,1642068862.548676,0.07
2022-01-13 17:14:24,NF1,1642068864.6823928,1642068864.682458,0.07
2022-01-13 17:14:24,NF2,1642068864.7951486,1642068864.7952085,0.06
2022-01-13 17:14:26,NF2,1642068866.951368,1642068866.9514499,0.08
2022-01-13 17:14:27,NF1,1642068867.0182827,1642068867.0183272,0.04
2022-01-13 17:14:29,NF2,1642068869.107636,1642068869.1076841,0.05
2022-01-13 17:14:29,NF1,1642068869.2030993,1642068869.2031612,0.06
2022-01-13 17:14:31,NF1,1642068871.354741,1642068871.354776,0.03
2022-01-13 17:14:31,NF2,1642068871.749165,1642068871.7492368,0.07
2022-01-13 17:14:33,NF2,1642068873.9388885,1642068873.9389513,0.06
2022-01-13 17:14:33,NF1,1642068873.9922483,1642068873.9922917,0.04
2022-01-13 17:14:36,NF2,1642068876.0994513,1642068876.0995,0.05
2022-01-13 17:14:36,NF1,1642068876.1754496,1642068876.175543,0.09
2022-01-13 17:14:38,NF2,1642068878.2637262,1642068878.263792,0.07
2022-01-13 17:14:38,NF1,1642068878.3417034,1642068878.3417702,0.07
2022-01-13 17:14:40,NF2,1642068880.4195218,1642068880.419597,0.08
2022-01-13 17:14:40,NF1,1642068880.5024428,1642068880.5024855,0.04
2022-01-13 17:14:42,NF1,1642068882.6645045,1642068882.6645286,0.02
2022-01-13 17:14:42,NF2,1642068882.7577677,1642068882.7578065,0.04
2022-01-13 17:14:44,NF2,1642068884.956337,1642068884.9564788,0.14
2022-01-13 17:14:44,NF1,1642068884.997966,1642068884.9980028,0.04
2022-01-13 17:14:47,NF2,1642068887.0953264,1642068887.095464,0.14
2022-01-13 17:14:47,NF1,1642068887.1783445,1642068887.1784275,0.08
2022-01-13 17:14:49,NF1,1642068889.3554292,1642068889.3554928,0.06
2022-01-13 17:14:49,NF2,1642068889.7364328,1642068889.736468,0.04
2022-01-13 17:14:51,NF2,1642068891.9196498,1642068891.9196906,0.04
2022-01-13 17:14:51,NF1,1642068891.984794,1642068891.9848678,0.07
2022-01-13 17:14:54,NF2,1642068894.073479,1642068894.0735776,0.1
2022-01-13 17:14:54,NF1,1642068894.1505632,1642068894.15064,0.08
2022-01-13 17:14:56,NF2,1642068896.2267513,1642068896.226832,0.08
2022-01-13 17:14:56,NF1,1642068896.3120377,1642068896.3120968,0.06
2022-01-13 17:14:58,NF2,1642068898.3842604,1642068898.3843331,0.07
2022-01-13 17:14:58,NF1,1642068898.4662125,1642068898.4662812,0.07
2022-01-13 17:15:00,NF1,1642068900.6163888,1642068900.6164575,0.07
2022-01-13 17:15:00,NF2,1642068900.7182157,1642068900.718271,0.06
2022-01-13 17:15:02,NF2,1642068902.8801246,1642068902.88018,0.06
2022-01-13 17:15:02,NF1,1642068902.9673903,1642068902.9674354,0.05
2022-01-13 17:15:05,NF2,1642068905.0654278,1642068905.0655427,0.11
2022-01-13 17:15:05,NF1,1642068905.146986,1642068905.147034,0.05
2022-01-13 17:15:07,NF1,1642068907.322916,1642068907.3229525,0.04
2022-01-13 17:15:07,NF2,1642068907.712569,1642068907.7126071,0.04
2022-01-13 17:15:09,NF2,1642068909.8785846,1642068909.8786833,0.1
2022-01-13 17:15:09,NF1,1642068909.9641378,1642068909.9641826,0.04
2022-01-13 17:15:12,NF2,1642068912.0683413,1642068912.0684042,0.06
2022-01-13 17:15:12,NF1,1642068912.142986,1642068912.1430135,0.03
2022-01-13 17:15:14,NF2,1642068914.1913033,1642068914.1913369,0.03
2022-01-13 17:15:14,NF1,1642068914.298753,1642068914.2988842,0.13
2022-01-13 17:15:16,NF2,1642068916.363552,1642068916.3636074,0.06
2022-01-13 17:15:16,NF1,1642068916.4712005,1642068916.4712799,0.08
2022-01-13 17:15:18,NF1,1642068918.6159873,1642068918.6160364,0.05
2022-01-13 17:15:18,NF2,1642068918.7003098,1642068918.7003355,0.03
2022-01-13 17:15:20,NF2,1642068920.8800006,1642068920.880061,0.06
2022-01-13 17:15:20,NF1,1642068920.9859855,1642068920.9860222,0.04
2022-01-13 17:15:23,NF2,1642068923.0257902,1642068923.0258183,0.03
2022-01-13 17:15:23,NF1,1642068923.1420286,1642068923.1421049,0.08
2022-01-13 17:15:25,NF1,1642068925.301367,1642068925.3014007,0.03
2022-01-13 17:15:25,NF2,1642068925.6885667,1642068925.68859,0.02
2022-01-13 17:15:27,NF2,1642068927.8568301,1642068927.8568926,0.06
2022-01-13 17:15:27,NF1,1642068927.9437187,1642068927.9437678,0.05
2022-01-13 17:15:30,NF2,1642068930.0352185,1642068930.0352619,0.04
2022-01-13 17:15:30,NF1,1642068930.1269212,1642068930.1269865,0.07
2022-01-13 17:15:32,NF2,1642068932.1802397,1642068932.1803298,0.09
2022-01-13 17:15:32,NF1,1642068932.290655,1642068932.290715,0.06
2022-01-13 17:15:34,NF2,1642068934.3652587,1642068934.365338,0.08
2022-01-13 17:15:34,NF1,1642068934.4284708,1642068934.428557,0.09
2022-01-13 17:15:36,NF1,1642068936.6018178,1642068936.6018713,0.05
2022-01-13 17:15:36,NF2,1642068936.689708,1642068936.6897416,0.03
2022-01-13 17:15:38,NF2,1642068938.8588462,1642068938.858885,0.04
2022-01-13 17:15:38,NF1,1642068938.9468157,1642068938.946843,0.03
2022-01-13 17:15:41,NF2,1642068941.0185015,1642068941.0186057,0.1
2022-01-13 17:15:41,NF1,1642068941.1042533,1642068941.1043096,0.06
2022-01-13 17:15:43,NF1,1642068943.275628,1642068943.2756684,0.04
2022-01-13 17:15:43,NF2,1642068943.6607673,1642068943.6607962,0.03
2022-01-13 17:15:45,NF2,1642068945.8331335,1642068945.8332188,0.09
2022-01-13 17:15:45,NF1,1642068945.9169486,1642068945.916975,0.03
2022-01-13 17:15:48,NF2,1642068948.1193552,1642068948.1194124,0.06
2022-01-13 17:15:48,NF1,1642068948.252282,1642068948.2523131,0.03
2022-01-13 17:15:50,NF2,1642068950.1713996,1642068950.1714714,0.07
2022-01-13 17:15:50,NF1,1642068950.2523088,1642068950.252387,0.08
2022-01-13 17:15:52,NF2,1642068952.3267572,1642068952.3268237,0.07
2022-01-13 17:15:52,NF1,1642068952.4095092,1642068952.4095461,0.04
2022-01-13 17:15:54,NF1,1642068954.5675979,1642068954.5676534,0.06
2022-01-13 17:15:54,NF2,1642068954.6513486,1642068954.6514077,0.06
2022-01-13 17:15:56,NF2,1642068956.8186188,1642068956.8186617,0.04
2022-01-13 17:15:56,NF1,1642068956.9226995,1642068956.922745,0.05
2022-01-13 17:15:58,NF2,1642068958.9969127,1642068958.9969764,0.06
2022-01-13 17:15:59,NF1,1642068959.076972,1642068959.0770104,0.04
2022-01-13 17:16:01,NF1,1642068961.2429092,1642068961.24298,0.07
2022-01-13 17:16:01,NF2,1642068961.636349,1642068961.636376,0.03
2022-01-13 17:16:03,NF2,1642068963.7930841,1642068963.7931223,0.04
2022-01-13 17:16:03,NF1,1642068963.8884516,1642068963.888477,0.03
2022-01-13 17:16:05,NF2,1642068965.960618,1642068965.9607008,0.08
2022-01-13 17:16:06,NF1,1642068966.0610056,1642068966.061074,0.07
2022-01-13 17:16:08,NF2,1642068968.1258128,1642068968.125888,0.08
2022-01-13 17:16:08,NF1,1642068968.2270074,1642068968.2271042,0.1
2022-01-13 17:16:10,NF2,1642068970.2985024,1642068970.2985876,0.09
2022-01-13 17:16:10,NF1,1642068970.3833554,1642068970.3834136,0.06
2022-01-13 17:16:12,NF1,1642068972.5514035,1642068972.5514696,0.07
2022-01-13 17:16:12,NF2,1642068972.6416206,1642068972.6417985,0.18
2022-01-13 17:16:14,NF2,1642068974.8057911,1642068974.8058565,0.07
2022-01-13 17:16:14,NF1,1642068974.8849797,1642068974.8850067,0.03
2022-01-13 17:16:16,NF2,1642068976.9811633,1642068976.9812794,0.12
2022-01-13 17:16:17,NF1,1642068977.0492427,1642068977.0492759,0.03
2022-01-13 17:16:19,NF1,1642068979.2428641,1642068979.2429452,0.08
2022-01-13 17:16:21,NF1,1642068981.8601916,1642068981.8602278,0.04
2022-01-13 17:16:21,NF2,1642068981.977958,1642068981.9779942,0.04
2022-01-13 17:16:24,NF1,1642068984.1155899,1642068984.1157248,0.13
2022-01-13 17:16:24,NF2,1642068984.1674504,1642068984.1675065,0.06
2022-01-13 17:16:26,NF1,1642068986.2616212,1642068986.261685,0.06
2022-01-13 17:16:28,NF1,1642068988.3934073,1642068988.3934863,0.08
2022-01-13 17:16:28,NF2,1642068988.4617503,1642068988.4618177,0.07
2022-01-13 17:16:30,NF1,1642068990.5295186,1642068990.5296125,0.09
2022-01-13 17:16:30,NF2,1642068990.676776,1642068990.6768458,0.07
2022-01-13 17:16:32,NF2,1642068992.8278968,1642068992.827968,0.07
2022-01-13 17:16:32,NF1,1642068992.8575373,1642068992.8575637,0.03
2022-01-13 17:16:34,NF2,1642068994.9677763,1642068994.967863,0.09
2022-01-13 17:16:35,NF1,1642068995.0291765,1642068995.0292087,0.03
2022-01-13 17:16:37,NF2,1642068997.1119385,1642068997.1120167,0.08
2022-01-13 17:16:37,NF1,1642068997.1803858,1642068997.1804316,0.05
2022-01-13 17:16:39,NF2,1642068999.266382,1642068999.2664208,0.04
2022-01-13 17:16:39,NF1,1642068999.8269303,1642068999.8269744,0.04
2022-01-13 17:16:41,NF2,1642069001.4186008,1642069001.4186356,0.03
2022-01-13 17:16:42,NF1,1642069002.0017312,1642069002.0017655,0.03
2022-01-13 17:16:43,NF2,1642069003.5817864,1642069003.5818956,0.11
2022-01-13 17:16:44,NF1,1642069004.1518464,1642069004.1519475,0.1
2022-01-13 17:16:45,NF2,1642069005.7327554,1642069005.7328446,0.09
2022-01-13 17:16:46,NF1,1642069006.3153899,1642069006.3154395,0.05
2022-01-13 17:16:47,NF2,1642069007.8911955,1642069007.8912828,0.09
2022-01-13 17:16:48,NF1,1642069008.4985235,1642069008.4985845,0.06
2022-01-13 17:16:50,NF2,1642069010.0882692,1642069010.088309,0.04
2022-01-13 17:16:50,NF1,1642069010.8021822,1642069010.8022964,0.11
2022-01-13 17:16:52,NF2,1642069012.234288,1642069012.2343264,0.04
2022-01-13 17:16:52,NF1,1642069012.9781744,1642069012.9782405,0.07
2022-01-13 17:16:54,NF2,1642069014.397474,1642069014.3975909,0.12
2022-01-13 17:16:55,NF1,1642069015.136711,1642069015.1367676,0.06
2022-01-13 17:16:56,NF2,1642069016.5308452,1642069016.530972,0.13
2022-01-13 17:16:57,NF1,1642069017.768839,1642069017.768867,0.03
2022-01-13 17:16:58,NF2,1642069018.6931107,1642069018.693169,0.06
2022-01-13 17:16:59,NF1,1642069019.9424176,1642069019.9424858,0.07
2022-01-13 17:17:00,NF2,1642069020.8664546,1642069020.8665147,0.06
2022-01-13 17:17:02,NF1,1642069022.1206598,1642069022.120741,0.08
2022-01-13 17:17:03,NF2,1642069023.0093677,1642069023.0094259,0.06
2022-01-13 17:17:04,NF1,1642069024.268682,1642069024.268757,0.08
2022-01-13 17:17:05,NF2,1642069025.1866207,1642069025.1866693,0.05
2022-01-13 17:17:06,NF1,1642069026.4373293,1642069026.437386,0.06
2022-01-13 17:17:07,NF2,1642069027.3338277,1642069027.3338892,0.06
2022-01-13 17:17:08,NF1,1642069028.776441,1642069028.7764792,0.04
2022-01-13 17:17:09,NF2,1642069029.4945703,1642069029.494634,0.06
2022-01-13 17:17:10,NF1,1642069030.9691694,1642069030.9692478,0.08
2022-01-13 17:17:11,NF2,1642069031.664321,1642069031.6643913,0.07
2022-01-13 17:17:13,NF1,1642069033.1984205,1642069033.1984732,0.05
2022-01-13 17:17:13,NF2,1642069033.8209696,1642069033.821047,0.08
2022-01-13 17:17:15,NF1,1642069035.7689922,1642069035.7690566,0.06
2022-01-13 17:17:15,NF2,1642069035.986088,1642069035.9861314,0.04
2022-01-13 17:17:17,NF1,1642069037.9218626,1642069037.9219284,0.07
2022-01-13 17:17:18,NF2,1642069038.1429553,1642069038.143058,0.1
2022-01-13 17:17:20,NF1,1642069040.0801032,1642069040.0801797,0.08
2022-01-13 17:17:20,NF2,1642069040.2806864,1642069040.280716,0.03
2022-01-13 17:17:22,NF1,1642069042.2299147,1642069042.2299786,0.06
2022-01-13 17:17:22,NF2,1642069042.441208,1642069042.441311,0.1
2022-01-13 17:17:24,NF1,1642069044.4081347,1642069044.4081862,0.05
2022-01-13 17:17:24,NF2,1642069044.601112,1642069044.6011696,0.06
2022-01-13 17:17:26,NF1,1642069046.7418027,1642069046.7418435,0.04
2022-01-13 17:17:26,NF2,1642069046.7484915,1642069046.7485313,0.04
2022-01-13 17:17:28,NF1,1642069048.912212,1642069048.912273,0.06
2022-01-13 17:17:28,NF2,1642069048.9269187,1642069048.9269874,0.07
2022-01-13 17:17:31,NF2,1642069051.1004117,1642069051.1004813,0.07
2022-01-13 17:17:31,NF1,1642069051.1133893,1642069051.1134286,0.04
2022-01-13 17:17:33,NF2,1642069053.252213,1642069053.2522628,0.05
2022-01-13 17:17:33,NF1,1642069053.7221377,1642069053.722185,0.05
2022-01-13 17:17:35,NF2,1642069055.4133759,1642069055.4134274,0.05
2022-01-13 17:17:35,NF1,1642069055.9230728,1642069055.923108,0.04
2022-01-13 17:17:37,NF2,1642069057.5641797,1642069057.5642138,0.03
2022-01-13 17:17:38,NF1,1642069058.0823953,1642069058.0825183,0.12
2022-01-13 17:17:39,NF2,1642069059.751538,1642069059.7515779,0.04
2022-01-13 17:17:40,NF1,1642069060.2194662,1642069060.219523,0.06
2022-01-13 17:17:41,NF2,1642069061.9024017,1642069061.9024665,0.06
2022-01-13 17:17:42,NF1,1642069062.3783302,1642069062.378447,0.12
2022-01-13 17:17:44,NF2,1642069064.0404193,1642069064.0404696,0.05
2022-01-13 17:17:44,NF1,1642069064.719463,1642069064.7194924,0.03
2022-01-13 17:17:46,NF2,1642069066.199962,1642069066.2000296,0.07
2022-01-13 17:17:46,NF1,1642069066.9054792,1642069066.905504,0.02
2022-01-13 17:17:48,NF2,1642069068.4981935,1642069068.4982572,0.06
2022-01-13 17:17:49,NF1,1642069069.0581307,1642069069.058196,0.07
2022-01-13 17:17:50,NF2,1642069070.541071,1642069070.5411632,0.09
2022-01-13 17:17:51,NF1,1642069071.7036855,1642069071.7037282,0.04
2022-01-13 17:17:52,NF2,1642069072.6923285,1642069072.6923883,0.06
2022-01-13 17:17:53,NF1,1642069073.8912988,1642069073.891337,0.04
2022-01-13 17:17:54,NF2,1642069074.8653188,1642069074.8654418,0.12
2022-01-13 17:17:56,NF1,1642069076.0292785,1642069076.0293915,0.11
2022-01-13 17:17:57,NF2,1642069077.0163097,1642069077.016387,0.08
2022-01-13 17:17:58,NF1,1642069078.2145019,1642069078.2145433,0.04
2022-01-13 17:17:59,NF2,1642069079.162468,1642069079.1624959,0.03
2022-01-13 17:18:00,NF1,1642069080.35309,1642069080.353153,0.06
2022-01-13 17:18:01,NF2,1642069081.3214006,1642069081.3215182,0.12
2022-01-13 17:18:02,NF1,1642069082.7045617,1642069082.7046068,0.05
2022-01-13 17:18:03,NF2,1642069083.4742074,1642069083.474232,0.02
2022-01-13 17:18:04,NF1,1642069084.8723047,1642069084.8723857,0.08
2022-01-13 17:18:05,NF2,1642069085.6517284,1642069085.6517854,0.06
2022-01-13 17:18:07,NF1,1642069087.0394988,1642069087.0395389,0.04
2022-01-13 17:18:07,NF2,1642069087.826747,1642069087.8267968,0.05
2022-01-13 17:18:09,NF1,1642069089.674404,1642069089.6744452,0.04
2022-01-13 17:18:10,NF2,1642069090.0088248,1642069090.0088918,0.07
2022-01-13 17:18:11,NF1,1642069091.8442369,1642069091.8443093,0.07
2022-01-13 17:18:12,NF2,1642069092.1129448,1642069092.1129959,0.05
2022-01-13 17:18:14,NF1,1642069094.0108485,1642069094.010991,0.14
2022-01-13 17:18:14,NF2,1642069094.2737641,1642069094.2738147,0.05
2022-01-13 17:18:16,NF1,1642069096.1995127,1642069096.1995778,0.07
2022-01-13 17:18:16,NF2,1642069096.5194585,1642069096.5195677,0.11
2022-01-13 17:18:18,NF1,1642069098.3266609,1642069098.326708,0.05
2022-01-13 17:18:18,NF2,1642069098.6067817,1642069098.6068277,0.05
2022-01-13 17:18:20,NF1,1642069100.6819487,1642069100.681984,0.04
2022-01-13 17:18:20,NF2,1642069100.7604141,1642069100.7604642,0.05
2022-01-13 17:18:22,NF1,1642069102.854346,1642069102.854389,0.04
2022-01-13 17:18:22,NF2,1642069102.914554,1642069102.914603,0.05
2022-01-13 17:18:25,NF1,1642069105.0109127,1642069105.0109582,0.05
2022-01-13 17:18:25,NF2,1642069105.0812998,1642069105.0813706,0.07
2022-01-13 17:18:27,NF2,1642069107.237614,1642069107.2376769,0.06
2022-01-13 17:18:27,NF1,1642069107.658792,1642069107.6588311,0.04
2022-01-13 17:18:29,NF2,1642069109.42999,1642069109.430033,0.04
2022-01-13 17:18:29,NF1,1642069109.8353114,1642069109.8354065,0.1
2022-01-13 17:18:31,NF2,1642069111.5508366,1642069111.550884,0.05
2022-01-13 17:18:32,NF1,1642069112.0010414,1642069112.0010839,0.04
2022-01-13 17:18:33,NF2,1642069113.7223616,1642069113.7224984,0.14
2022-01-13 17:18:34,NF1,1642069114.160386,1642069114.1604471,0.06
2022-01-13 17:18:35,NF2,1642069115.875412,1642069115.8754818,0.07
2022-01-13 17:18:36,NF1,1642069116.3008056,1642069116.3008692,0.06
2022-01-13 17:18:38,NF2,1642069118.0493233,1642069118.049384,0.06
2022-01-13 17:18:38,NF1,1642069118.6656775,1642069118.6657848,0.11
2022-01-13 17:18:40,NF2,1642069120.2186522,1642069120.2187114,0.06
2022-01-13 17:18:40,NF1,1642069120.8302448,1642069120.830307,0.06
2022-01-13 17:18:42,NF2,1642069122.3631933,1642069122.363252,0.06
2022-01-13 17:18:43,NF1,1642069123.0122223,1642069123.0122619,0.04
2022-01-13 17:18:44,NF2,1642069124.5787785,1642069124.578832,0.05
2022-01-13 17:18:45,NF1,1642069125.63073,1642069125.63078,0.05
2022-01-13 17:18:46,NF2,1642069126.6907184,1642069126.690777,0.06
2022-01-13 17:18:47,NF1,1642069127.799052,1642069127.7991042,0.05
2022-01-13 17:18:48,NF2,1642069128.9028726,1642069128.9029312,0.06
2022-01-13 17:18:49,NF1,1642069129.9816663,1642069129.9817426,0.08
2022-01-13 17:18:51,NF2,1642069131.0373487,1642069131.0373921,0.04
2022-01-13 17:18:52,NF1,1642069132.139164,1642069132.139211,0.05
2022-01-13 17:18:53,NF2,1642069133.1562152,1642069133.1562822,0.07
2022-01-13 17:18:54,NF1,1642069134.292235,1642069134.2923007,0.07
2022-01-13 17:18:55,NF2,1642069135.3271182,1642069135.3271797,0.06
2022-01-13 17:18:56,NF1,1642069136.6210861,1642069136.62112,0.03
2022-01-13 17:18:57,NF2,1642069137.4714458,1642069137.4715512,0.11
2022-01-13 17:18:58,NF1,1642069138.7913623,1642069138.7914107,0.05
2022-01-13 17:18:59,NF2,1642069139.628611,1642069139.628675,0.06
2022-01-13 17:19:00,NF1,1642069140.9810336,1642069140.9810717,0.04
2022-01-13 17:19:01,NF2,1642069141.8040893,1642069141.804115,0.03
2022-01-13 17:19:03,NF1,1642069143.798265,1642069143.798411,0.15
2022-01-13 17:19:03,NF2,1642069143.967634,1642069143.967758,0.12
2022-01-13 17:19:05,NF1,1642069145.7843359,1642069145.7843862,0.05
2022-01-13 17:19:06,NF2,1642069146.14621,1642069146.1462734,0.06
2022-01-13 17:19:07,NF1,1642069147.9324794,1642069147.932518,0.04
2022-01-13 17:19:08,NF2,1642069148.290749,1642069148.2907758,0.03
2022-01-13 17:50:35,NF1,1642071035.150949,1642071035.150984,0.04
2022-01-13 17:50:37,NF1,1642071037.33624,1642071037.336364,0.12
2022-01-13 17:50:39,NF1,1642071039.4768004,1642071039.4768639,0.06
2022-01-13 17:50:41,NF1,1642071041.656539,1642071041.6565795,0.04
2022-01-13 17:50:43,NF1,1642071043.7999883,1642071043.8000789,0.09
2022-01-13 17:50:46,NF1,1642071046.3132665,1642071046.3133028,0.04
2022-01-13 17:50:48,NF1,1642071048.323213,1642071048.3232696,0.06
2022-01-13 17:50:50,NF1,1642071050.4857469,1642071050.4858167,0.07
2022-01-13 17:50:53,NF1,1642071053.1495616,1642071053.1495852,0.02
2022-01-13 17:50:55,NF1,1642071055.3177624,1642071055.317837,0.07
2022-01-13 17:50:57,NF1,1642071057.4672027,1642071057.4673054,0.1
2022-01-13 17:50:59,NF1,1642071059.6215708,1642071059.62163,0.06
2022-01-13 17:51:01,NF1,1642071061.7945824,1642071061.7946317,0.05
2022-01-13 17:51:04,NF1,1642071064.1341429,1642071064.1342866,0.14
2022-01-13 17:51:06,NF1,1642071066.299828,1642071066.2999117,0.08
2022-01-13 17:51:08,NF1,1642071068.457592,1642071068.4576643,0.07
2022-01-13 17:51:11,NF1,1642071071.102322,1642071071.1025634,0.24
2022-01-13 17:51:13,NF1,1642071073.2788742,1642071073.2789154,0.04
2022-01-13 17:51:15,NF1,1642071075.4579277,1642071075.458008,0.08
2022-01-13 17:51:17,NF1,1642071077.6124606,1642071077.6125247,0.06
2022-01-13 17:51:19,NF1,1642071079.7764335,1642071079.7765021,0.07
2022-01-13 17:51:22,NF1,1642071082.1104481,1642071082.110473,0.02
2022-01-13 17:51:24,NF1,1642071084.2921712,1642071084.2922275,0.06
2022-01-13 17:51:26,NF1,1642071086.4467058,1642071086.446765,0.06
2022-01-13 17:51:29,NF1,1642071089.0838792,1642071089.0839155,0.04
2022-01-13 17:51:31,NF1,1642071091.2521324,1642071091.2522027,0.07
2022-01-13 17:51:33,NF1,1642071093.424108,1642071093.4241595,0.05
2022-01-13 17:51:35,NF1,1642071095.5859108,1642071095.5860314,0.12
2022-01-13 17:51:37,NF1,1642071097.7428365,1642071097.742913,0.08
2022-01-13 17:51:40,NF1,1642071100.0814166,1642071100.081441,0.02
2022-01-13 17:51:42,NF1,1642071102.2462182,1642071102.2462554,0.04
2022-01-13 17:51:44,NF1,1642071104.426039,1642071104.4261043,0.07
2022-01-13 17:51:47,NF1,1642071107.0547912,1642071107.054815,0.02
2022-01-13 17:51:49,NF1,1642071109.226052,1642071109.2261167,0.06
2022-01-13 17:51:51,NF1,1642071111.4005318,1642071111.400591,0.06
2022-01-13 17:51:53,NF1,1642071113.539084,1642071113.5391083,0.02
2022-01-13 17:51:55,NF1,1642071115.7106464,1642071115.7107031,0.06
2022-01-13 17:51:58,NF1,1642071118.0515947,1642071118.0516207,0.03
2022-01-13 17:52:00,NF1,1642071120.2728732,1642071120.272941,0.07
2022-01-13 17:52:02,NF1,1642071122.4383993,1642071122.4384441,0.04
2022-01-13 17:52:05,NF1,1642071125.0389931,1642071125.0390177,0.02
2022-01-13 17:52:07,NF1,1642071127.23906,1642071127.2391279,0.07
2022-01-13 17:52:09,NF1,1642071129.4446023,1642071129.4446661,0.06
2022-01-13 17:52:11,NF1,1642071131.535698,1642071131.5357766,0.08
2022-01-13 17:52:13,NF1,1642071133.686541,1642071133.686583,0.04
2022-01-13 17:52:16,NF1,1642071136.0930603,1642071136.0930915,0.03
2022-01-13 17:52:18,NF1,1642071138.2219155,1642071138.2219806,0.07
2022-01-13 17:52:20,NF1,1642071140.354287,1642071140.3543494,0.06
2022-01-13 17:52:22,NF1,1642071142.9935973,1642071142.9936285,0.03
2022-01-13 17:52:25,NF1,1642071145.1882231,1642071145.1882646,0.04
2022-01-13 17:52:27,NF1,1642071147.3363175,1642071147.3363893,0.07
2022-01-13 17:52:29,NF1,1642071149.503631,1642071149.5037014,0.07
2022-01-13 17:52:31,NF1,1642071151.657009,1642071151.6570761,0.07
2022-01-13 17:52:34,NF1,1642071154.0072064,1642071154.0072489,0.04
2022-01-13 17:52:36,NF1,1642071156.2260206,1642071156.226094,0.07
2022-01-13 17:52:38,NF1,1642071158.3514261,1642071158.3514817,0.06
2022-01-13 17:52:40,NF1,1642071160.9827514,1642071160.982776,0.02
2022-01-13 17:52:43,NF1,1642071163.1575859,1642071163.157646,0.06
2022-01-13 17:52:45,NF1,1642071165.3937962,1642071165.393835,0.04
2022-01-13 17:52:47,NF1,1642071167.472797,1642071167.4728231,0.03
2022-01-13 17:52:49,NF1,1642071169.6330442,1642071169.633214,0.17
2022-01-13 17:52:51,NF1,1642071171.9826498,1642071171.9826741,0.02
2022-01-13 17:52:54,NF1,1642071174.1990678,1642071174.1991217,0.05
2022-01-13 17:52:56,NF1,1642071176.40945,1642071176.4095209,0.07
2022-01-13 17:52:58,NF1,1642071178.9606366,1642071178.9606607,0.02
2022-01-13 17:53:01,NF1,1642071181.1648304,1642071181.1651218,0.29
2022-01-13 17:53:03,NF1,1642071183.3446813,1642071183.3447466,0.07
2022-01-13 17:53:05,NF1,1642071185.457909,1642071185.4579573,0.05
2022-01-13 17:53:07,NF1,1642071187.6245291,1642071187.624576,0.05
2022-01-13 17:53:09,NF1,1642071189.9763558,1642071189.9763796,0.02
2022-01-13 17:53:12,NF1,1642071192.1330557,1642071192.1332424,0.19
2022-01-13 17:53:14,NF1,1642071194.3264737,1642071194.326538,0.06
2022-01-13 17:53:16,NF1,1642071196.9490678,1642071196.9491088,0.04
2022-01-13 17:53:19,NF1,1642071199.1225376,1642071199.1225839,0.05
2022-01-13 17:53:21,NF1,1642071201.306204,1642071201.3062625,0.06
2022-01-13 17:53:23,NF1,1642071203.6063716,1642071203.606422,0.05
2022-01-13 17:53:25,NF1,1642071205.7072244,1642071205.7074099,0.19
2022-01-13 17:53:28,NF1,1642071208.0757923,1642071208.0758379,0.05
2022-01-13 17:53:30,NF1,1642071210.2201936,1642071210.2202523,0.06
2022-01-13 17:53:32,NF1,1642071212.2680311,1642071212.2681518,0.12
2022-01-13 17:53:34,NF1,1642071214.9529483,1642071214.9529884,0.04
2022-01-13 17:53:37,NF1,1642071217.5754554,1642071217.5755274,0.07
2022-01-13 17:53:39,NF1,1642071219.3523576,1642071219.3524377,0.08
2022-01-13 17:53:41,NF1,1642071221.653451,1642071221.653515,0.06
2022-01-13 17:53:43,NF1,1642071223.6978002,1642071223.6978788,0.08
2022-01-13 17:53:46,NF1,1642071226.0568547,1642071226.0568798,0.03
2022-01-13 17:53:48,NF1,1642071228.0719476,1642071228.0720563,0.11
2022-01-13 17:53:50,NF1,1642071230.2413268,1642071230.2413883,0.06
2022-01-13 17:53:52,NF1,1642071232.8936062,1642071232.8936298,0.02
2022-01-13 17:53:55,NF1,1642071235.0456266,1642071235.0456884,0.06
2022-01-13 17:53:57,NF1,1642071237.3194857,1642071237.3195832,0.1
2022-01-13 17:53:59,NF1,1642071239.36939,1642071239.3697248,0.33
2022-01-13 17:54:01,NF1,1642071241.5758398,1642071241.5758975,0.06
2022-01-13 17:54:03,NF1,1642071243.9385176,1642071243.9385886,0.07
2022-01-13 17:54:06,NF1,1642071246.2424946,1642071246.2426202,0.13
2022-01-13 17:54:08,NF1,1642071248.416439,1642071248.4165132,0.07
2022-01-13 17:54:11,NF1,1642071251.084485,1642071251.0845125,0.03
2022-01-13 17:54:13,NF1,1642071253.179949,1642071253.1799903,0.04
2022-01-13 17:54:15,NF1,1642071255.6281347,1642071255.6283643,0.23
2022-01-13 17:54:17,NF1,1642071257.3431258,1642071257.3431995,0.07
2022-01-13 17:54:19,NF1,1642071259.6451244,1642071259.6451988,0.07
2022-01-13 17:54:22,NF1,1642071262.0276635,1642071262.0277,0.04
2022-01-13 17:54:24,NF1,1642071264.1500936,1642071264.1501381,0.04
2022-01-13 17:54:26,NF1,1642071266.283422,1642071266.2834635,0.04
2022-01-13 17:54:28,NF1,1642071268.9302855,1642071268.9303584,0.07
2022-01-13 17:54:31,NF1,1642071271.0905907,1642071271.0906355,0.04
2022-01-13 17:54:33,NF1,1642071273.4150677,1642071273.4151068,0.04
2022-01-13 17:54:35,NF1,1642071275.5028017,1642071275.5032063,0.4
2022-01-13 17:54:37,NF1,1642071277.791511,1642071277.7915766,0.07
2022-01-13 17:54:40,NF1,1642071280.0724843,1642071280.072553,0.07
2022-01-13 17:54:42,NF1,1642071282.1407776,1642071282.1408458,0.07
2022-01-13 17:54:44,NF1,1642071284.2960422,1642071284.2961414,0.1
2022-01-13 17:54:47,NF1,1642071287.023887,1642071287.023911,0.02
2022-01-13 17:54:49,NF1,1642071289.2021878,1642071289.2022614,0.07
2022-01-13 17:54:51,NF1,1642071291.2929635,1642071291.2930102,0.05
2022-01-13 17:54:53,NF1,1642071293.501326,1642071293.5014417,0.12
2022-01-13 17:54:55,NF1,1642071295.6139026,1642071295.6139448,0.04
2022-01-13 17:54:57,NF1,1642071297.8048167,1642071297.8048983,0.08
2022-01-13 17:54:59,NF1,1642071299.991304,1642071299.9913285,0.02
2022-01-13 17:55:02,NF1,1642071302.3612251,1642071302.3612719,0.05
2022-01-13 17:55:04,NF1,1642071304.927167,1642071304.9271908,0.02
2022-01-13 17:55:07,NF1,1642071307.0861197,1642071307.086174,0.05
2022-01-13 17:55:09,NF1,1642071309.119792,1642071309.119832,0.04
2022-01-13 17:55:11,NF1,1642071311.3401377,1642071311.3402042,0.07
2022-01-13 17:55:13,NF1,1642071313.4440696,1642071313.4441314,0.06
2022-01-13 17:55:15,NF1,1642071315.93538,1642071315.9354227,0.04
2022-01-13 17:55:18,NF1,1642071318.084751,1642071318.0847757,0.02
2022-01-13 17:55:20,NF1,1642071320.3505003,1642071320.350552,0.05
2022-01-13 17:55:22,NF1,1642071322.8724468,1642071322.8724926,0.05
2022-01-13 17:55:24,NF1,1642071324.989806,1642071324.989869,0.06
2022-01-13 17:55:27,NF1,1642071327.0876029,1642071327.0876408,0.04
2022-01-13 17:55:29,NF1,1642071329.404976,1642071329.4050088,0.03
2022-01-13 17:55:31,NF1,1642071331.4460936,1642071331.4461548,0.06
2022-01-13 17:55:33,NF1,1642071333.8817792,1642071333.88182,0.04
2022-01-13 17:55:36,NF1,1642071336.2417715,1642071336.2418466,0.08
2022-01-13 17:55:38,NF1,1642071338.2729156,1642071338.2729967,0.08
2022-01-13 17:55:40,NF1,1642071340.7230842,1642071340.7231166,0.03
2022-01-13 17:55:43,NF1,1642071343.1179438,1642071343.118003,0.06
2022-01-13 17:55:45,NF1,1642071345.2774594,1642071345.2775064,0.05
2022-01-13 17:55:47,NF1,1642071347.5589585,1642071347.5590236,0.07
2022-01-13 17:55:49,NF1,1642071349.6918986,1642071349.6919549,0.06
2022-01-13 17:55:51,NF1,1642071351.9864058,1642071351.9864535,0.05
2022-01-13 17:55:53,NF1,1642071353.9966733,1642071353.9968507,0.18
2022-01-13 17:55:56,NF1,1642071356.25265,1642071356.2527027,0.05
2022-01-13 17:55:58,NF1,1642071358.9869108,1642071358.9870753,0.16
2022-01-13 17:56:01,NF1,1642071361.2470932,1642071361.2471523,0.06
2022-01-13 17:56:03,NF1,1642071363.192487,1642071363.1925216,0.03
2022-01-13 17:56:05,NF1,1642071365.4182978,1642071365.4183552,0.06
2022-01-13 17:56:07,NF1,1642071367.4711828,1642071367.4713626,0.18
2022-01-13 17:56:09,NF1,1642071369.7163873,1642071369.7164533,0.07
2022-01-13 17:56:11,NF1,1642071371.9425042,1642071371.9425573,0.05
2022-01-13 17:56:14,NF1,1642071374.057624,1642071374.0576918,0.07
2022-01-13 17:56:16,NF1,1642071376.931365,1642071376.9314106,0.05
2022-01-13 17:56:19,NF1,1642071379.2729664,1642071379.273055,0.09
2022-01-13 17:56:21,NF1,1642071381.080203,1642071381.0802445,0.04
2022-01-13 17:56:23,NF1,1642071383.2864292,1642071383.2864993,0.07
2022-01-13 17:56:25,NF1,1642071385.789035,1642071385.7891257,0.09
2022-01-13 17:56:27,NF1,1642071387.9246123,1642071387.9246538,0.04
2022-01-13 17:56:30,NF1,1642071390.039557,1642071390.0396059,0.05
2022-01-13 17:56:32,NF1,1642071392.5115001,1642071392.511587,0.09
2022-01-13 17:56:35,NF1,1642071395.1604362,1642071395.1604707,0.03
2022-01-13 17:56:36,NF1,1642071396.9114249,1642071396.9114673,0.04
2022-01-13 17:56:39,NF1,1642071399.1215274,1642071399.1215913,0.06
2022-01-13 17:56:41,NF1,1642071401.375211,1642071401.3756032,0.39
2022-01-13 17:56:43,NF1,1642071403.634911,1642071403.6383815,3.47
2022-01-13 17:56:46,NF1,1642071406.044041,1642071406.0440784,0.04
2022-01-13 17:56:48,NF1,1642071408.1027558,1642071408.1030557,0.3
2022-01-13 17:56:50,NF1,1642071410.0402472,1642071410.0403237,0.08
2022-01-13 17:56:52,NF1,1642071412.6806488,1642071412.6806889,0.04
2022-01-13 17:56:55,NF1,1642071415.1941202,1642071415.194188,0.07
2022-01-13 17:56:57,NF1,1642071417.159211,1642071417.1592517,0.04
2022-01-13 17:56:59,NF1,1642071419.5597315,1642071419.5597749,0.04
2022-01-13 17:57:01,NF1,1642071421.4071653,1642071421.4072044,0.04
2022-01-13 17:57:03,NF1,1642071423.6908975,1642071423.6909213,0.02
2022-01-13 17:57:06,NF1,1642071426.0399253,1642071426.0399857,0.06
2022-01-13 17:57:08,NF1,1642071428.3359811,1642071428.336112,0.13
2022-01-13 17:57:10,NF1,1642071430.990411,1642071430.9904516,0.04
2022-01-13 17:57:13,NF1,1642071433.39412,1642071433.394169,0.05
2022-01-13 17:57:15,NF1,1642071435.1740696,1642071435.1741133,0.04
2022-01-13 17:57:17,NF1,1642071437.2399633,1642071437.240034,0.07
2022-01-13 17:57:19,NF1,1642071439.3324487,1642071439.3328571,0.41
2022-01-13 17:57:22,NF1,1642071442.29361,1642071442.2936347,0.02
2022-01-13 17:57:24,NF1,1642071444.248559,1642071444.248584,0.03
2022-01-13 17:57:26,NF1,1642071446.1091998,1642071446.1092632,0.06
2022-01-13 17:57:29,NF1,1642071449.1434896,1642071449.1435187,0.03
2022-01-13 17:57:30,NF1,1642071450.9262848,1642071450.9263499,0.07
2022-01-13 17:57:33,NF1,1642071453.0234604,1642071453.0235264,0.07
2022-01-13 17:57:35,NF1,1642071455.1074367,1642071455.107508,0.07
2022-01-13 17:57:37,NF1,1642071457.4240294,1642071457.42407,0.04
2022-01-13 17:57:39,NF1,1642071459.6106932,1642071459.6107337,0.04
2022-01-13 17:57:42,NF1,1642071462.0979455,1642071462.0980515,0.11
2022-01-13 17:57:44,NF1,1642071464.1705534,1642071464.170686,0.13
2022-01-13 17:57:47,NF1,1642071467.02751,1642071467.02756,0.05
2022-01-13 17:57:48,NF1,1642071468.871974,1642071468.8719993,0.03
2022-01-13 17:57:51,NF1,1642071471.4492774,1642071471.4493566,0.08
2022-01-13 17:57:53,NF1,1642071473.2910025,1642071473.291064,0.06
2022-01-13 17:57:55,NF1,1642071475.5188506,1642071475.5188746,0.02
2022-01-13 17:57:57,NF1,1642071477.7609973,1642071477.761037,0.04
2022-01-13 17:57:59,NF1,1642071479.963186,1642071479.9632978,0.11
2022-01-13 17:58:01,NF1,1642071481.9230964,1642071481.9231648,0.07
2022-01-13 17:58:04,NF1,1642071484.8600924,1642071484.8601167,0.02
2022-01-13 17:58:06,NF1,1642071486.8227289,1642071486.8227785,0.05
2022-01-13 17:58:08,NF1,1642071488.9161515,1642071488.9162176,0.07
2022-01-13 17:58:11,NF1,1642071491.0267715,1642071491.0268288,0.06
2022-01-13 17:58:13,NF1,1642071493.3611512,1642071493.3611917,0.04
2022-01-13 17:58:15,NF1,1642071495.9393525,1642071495.9393983,0.05
2022-01-13 17:58:17,NF1,1642071497.7440333,1642071497.7441015,0.07
2022-01-13 17:58:19,NF1,1642071499.8903112,1642071499.8903818,0.07
2022-01-13 17:58:22,NF1,1642071502.761778,1642071502.7618406,0.06
2022-01-13 17:58:24,NF1,1642071504.9351861,1642071504.9352705,0.08
2022-01-13 17:58:27,NF1,1642071507.1747046,1642071507.1747665,0.06
2022-01-13 17:58:28,NF1,1642071508.9819138,1642071508.981959,0.05
2022-01-13 17:58:31,NF1,1642071511.1449924,1642071511.1450489,0.06
2022-01-13 17:58:33,NF1,1642071513.7244036,1642071513.7244275,0.02
2022-01-13 17:58:35,NF1,1642071515.8318849,1642071515.8321016,0.22
2022-01-13 17:58:37,NF1,1642071517.9586527,1642071517.9587204,0.07
2022-01-13 17:58:40,NF1,1642071520.462687,1642071520.4628959,0.21
2022-01-13 17:58:42,NF1,1642071522.638933,1642071522.639015,0.08
2022-01-13 17:58:44,NF1,1642071524.8059118,1642071524.805957,0.05
2022-01-13 17:58:46,NF1,1642071526.9591348,1642071526.9592,0.07
2022-01-13 17:58:49,NF1,1642071529.3923538,1642071529.3923948,0.04
2022-01-13 17:58:51,NF1,1642071531.7857518,1642071531.7857957,0.04
2022-01-13 17:58:53,NF1,1642071533.791462,1642071533.7915103,0.05
2022-01-13 17:58:55,NF1,1642071535.7996016,1642071535.7998211,0.22
2022-01-13 17:58:58,NF1,1642071538.4224043,1642071538.422441,0.04
2022-01-13 17:59:00,NF1,1642071540.7721317,1642071540.7721732,0.04
2022-01-13 17:59:03,NF1,1642071543.0738876,1642071543.0739574,0.07
2022-01-13 17:59:05,NF1,1642071545.1432188,1642071545.1432643,0.05
2022-01-13 17:59:07,NF1,1642071547.091689,1642071547.091748,0.06
2022-01-13 17:59:09,NF1,1642071549.5733798,1642071549.573406,0.03
2022-01-13 17:59:11,NF1,1642071551.6071854,1642071551.6072574,0.07
2022-01-13 17:59:13,NF1,1642071553.791606,1642071553.7916675,0.06
2022-01-13 17:59:16,NF1,1642071556.6986828,1642071556.698976,0.29
2022-01-13 17:59:18,NF1,1642071558.853322,1642071558.8533466,0.02
2022-01-13 17:59:20,NF1,1642071560.80203,1642071560.8023677,0.34
2022-01-13 17:59:22,NF1,1642071562.9049957,1642071562.905035,0.04
2022-01-13 17:59:25,NF1,1642071565.0610847,1642071565.0611296,0.04
2022-01-13 17:59:27,NF1,1642071567.434748,1642071567.4348896,0.14
2022-01-13 17:59:29,NF1,1642071569.6550717,1642071569.6551275,0.06
2022-01-13 17:59:31,NF1,1642071571.7892542,1642071571.7892945,0.04
2022-01-13 17:59:34,NF1,1642071574.3887062,1642071574.3887393,0.03
2022-01-13 17:59:36,NF1,1642071576.6808648,1642071576.6809125,0.05
2022-01-13 17:59:39,NF1,1642071579.0054207,1642071579.005483,0.06
2022-01-13 17:59:40,NF1,1642071580.88428,1642071580.884342,0.06
2022-01-13 17:59:43,NF1,1642071583.0936892,1642071583.0937462,0.06
2022-01-13 17:59:45,NF1,1642071585.6295063,1642071585.6295738,0.07
2022-01-13 17:59:47,NF1,1642071587.7767904,1642071587.7768476,0.06
2022-01-13 17:59:49,NF1,1642071589.9536743,1642071589.9537253,0.05
2022-01-13 17:59:52,NF1,1642071592.4627125,1642071592.4628308,0.12
2022-01-13 17:59:54,NF1,1642071594.5641491,1642071594.5643187,0.17
2022-01-13 17:59:56,NF1,1642071596.727402,1642071596.7274477,0.05
2022-01-13 17:59:58,NF1,1642071598.8662393,1642071598.866453,0.21
2022-01-13 18:00:01,NF1,1642071601.0096233,1642071601.009648,0.02
2022-01-13 18:00:03,NF1,1642071603.3903854,1642071603.39041,0.02
2022-01-13 18:00:06,NF1,1642071606.6346817,1642071606.6349185,0.24
2022-01-13 18:00:07,NF1,1642071607.694945,1642071607.6950772,0.13
2022-01-13 18:00:10,NF1,1642071610.3427265,1642071610.342751,0.02
2022-01-13 18:00:12,NF1,1642071612.7104225,1642071612.7104785,0.06
2022-01-13 18:00:14,NF1,1642071614.7053816,1642071614.705446,0.06
2022-01-13 18:00:17,NF1,1642071617.070501,1642071617.0706,0.1
2022-01-13 18:00:19,NF1,1642071619.3862164,1642071619.3862596,0.04
2022-01-13 18:00:21,NF1,1642071621.4778152,1642071621.477839,0.02
2022-01-13 18:00:23,NF1,1642071623.5264075,1642071623.5264356,0.03
2022-01-13 18:00:25,NF1,1642071625.8025594,1642071625.8026245,0.07
2022-01-13 18:00:28,NF1,1642071628.4936912,1642071628.4937146,0.02
2022-01-13 18:00:30,NF1,1642071630.8330796,1642071630.8331494,0.07
2022-01-13 18:00:33,NF1,1642071633.0250173,1642071633.025078,0.06
2022-01-13 18:00:34,NF1,1642071634.837414,1642071634.8378382,0.42
2022-01-13 18:00:37,NF1,1642071637.0326278,1642071637.032854,0.23
2022-01-13 18:00:40,NF1,1642071640.0739837,1642071640.074131,0.15
2022-01-13 18:00:41,NF1,1642071641.885324,1642071641.8853672,0.04
2022-01-13 18:00:44,NF1,1642071644.0322018,1642071644.0324948,0.29
2022-01-13 18:00:46,NF1,1642071646.7273464,1642071646.727385,0.04
2022-01-13 18:00:48,NF1,1642071648.81753,1642071648.8175817,0.05
2022-01-13 18:00:50,NF1,1642071650.638717,1642071650.6388118,0.09
2022-01-13 18:00:53,NF1,1642071653.3467133,1642071653.3467672,0.05
2022-01-13 18:00:55,NF1,1642071655.3861663,1642071655.38621,0.04
2022-01-13 18:00:58,NF1,1642071658.0432878,1642071658.0433314,0.04
2022-01-13 18:00:59,NF1,1642071659.9044716,1642071659.905264,0.79
2022-01-13 18:01:02,NF1,1642071662.2568219,1642071662.2569077,0.09
2022-01-13 18:01:04,NF1,1642071664.4866529,1642071664.4867027,0.05
2022-01-13 18:01:07,NF1,1642071667.2681916,1642071667.2684696,0.28
2022-01-13 18:01:09,NF1,1642071669.000461,1642071669.0007956,0.33
2022-01-13 18:01:11,NF1,1642071671.097614,1642071671.0977297,0.12
2022-01-13 18:01:13,NF1,1642071673.3077686,1642071673.3078313,0.06
2022-01-13 18:01:15,NF1,1642071675.7096162,1642071675.7096403,0.02
2022-01-13 18:01:17,NF1,1642071677.5669112,1642071677.5670805,0.17
2022-01-13 18:01:19,NF1,1642071679.582157,1642071679.5821812,0.02
2022-01-13 18:01:22,NF1,1642071682.3413846,1642071682.3414085,0.02
2022-01-13 18:01:24,NF1,1642071684.405453,1642071684.405531,0.08
2022-01-13 18:01:27,NF1,1642071687.0776372,1642071687.0776942,0.06
2022-01-13 18:01:29,NF1,1642071689.1626515,1642071689.1627963,0.14
2022-01-13 18:01:31,NF1,1642071691.5674632,1642071691.567635,0.17
2022-01-13 18:01:33,NF1,1642071693.5921905,1642071693.5922143,0.02
2022-01-13 18:01:35,NF1,1642071695.8570023,1642071695.8570628,0.06
2022-01-13 18:01:37,NF1,1642071697.9405131,1642071697.9408267,0.31
2022-01-13 18:01:40,NF1,1642071700.2852242,1642071700.2852635,0.04
2022-01-13 18:01:42,NF1,1642071702.884895,1642071702.8849654,0.07
2022-01-13 18:01:45,NF1,1642071705.0156953,1642071705.0157623,0.07
2022-01-13 18:01:46,NF1,1642071706.9218936,1642071706.9219768,0.08
2022-01-13 18:01:49,NF1,1642071709.763154,1642071709.763252,0.1
2022-01-13 18:01:51,NF1,1642071711.8817554,1642071711.8818138,0.06
2022-01-13 18:01:54,NF1,1642071714.0415635,1642071714.04164,0.08
2022-01-13 18:01:56,NF1,1642071716.0806925,1642071716.08075,0.06
2022-01-13 18:01:58,NF1,1642071718.4689872,1642071718.4690154,0.03
2022-01-13 18:02:00,NF1,1642071720.379405,1642071720.3794289,0.02
2022-01-13 18:02:02,NF1,1642071722.5199783,1642071722.5200202,0.04
2022-01-13 18:02:06,NF1,1642071726.0849626,1642071726.084992,0.03
2022-01-13 18:02:06,NF1,1642071726.8535404,1642071726.8535845,0.04
2022-01-13 18:02:10,NF1,1642071730.6183646,1642071730.6185865,0.22
2022-01-13 18:02:11,NF1,1642071731.6933808,1642071731.6934276,0.05
2022-01-13 18:02:13,NF1,1642071733.746849,1642071733.7468956,0.05
2022-01-13 18:02:16,NF1,1642071736.1912034,1642071736.1912544,0.05
2022-01-13 18:02:18,NF1,1642071738.4069917,1642071738.4070475,0.06
2022-01-13 18:02:20,NF1,1642071740.6141472,1642071740.6141903,0.04
2022-01-13 18:02:22,NF1,1642071742.9844418,1642071742.9845073,0.07
2022-01-13 18:02:25,NF1,1642071745.5717578,1642071745.5719392,0.18
2022-01-13 18:02:27,NF1,1642071747.7880175,1642071747.7880585,0.04
2022-01-13 18:02:30,NF1,1642071750.4093077,1642071750.4093595,0.05
2022-01-13 18:02:32,NF1,1642071752.0001488,1642071752.000512,0.36
2022-01-13 18:02:34,NF1,1642071754.4931219,1642071754.493161,0.04
2022-01-13 18:02:36,NF1,1642071756.7479265,1642071756.7479851,0.06
2022-01-13 18:02:39,NF1,1642071759.2702365,1642071759.2703147,0.08
2022-01-13 18:02:41,NF1,1642071761.1769552,1642071761.1769953,0.04
2022-01-13 18:02:42,NF1,1642071762.8169951,1642071762.817062,0.07
2022-01-13 18:02:45,NF1,1642071765.1517456,1642071765.1518075,0.06
2022-01-13 18:02:47,NF1,1642071767.7401845,1642071767.740209,0.02
2022-01-13 18:02:50,NF1,1642071770.047445,1642071770.0475123,0.07
2022-01-13 18:02:52,NF1,1642071772.9576426,1642071772.9576666,0.02
2022-01-13 18:02:55,NF1,1642071775.108875,1642071775.1089323,0.06
2022-01-13 18:02:57,NF1,1642071777.195366,1642071777.1954238,0.06
2022-01-13 18:02:59,NF1,1642071779.5964272,1642071779.5965078,0.08
2022-01-13 18:03:01,NF1,1642071781.5540984,1642071781.5541475,0.05
2022-01-13 18:03:03,NF1,1642071783.7329497,1642071783.7329748,0.03
2022-01-13 18:03:05,NF1,1642071785.2906415,1642071785.290699,0.06
2022-01-13 18:03:07,NF1,1642071787.5859938,1642071787.586042,0.05
2022-01-13 18:03:10,NF1,1642071790.119328,1642071790.1193516,0.02
2022-01-13 18:03:12,NF1,1642071792.5052419,1642071792.505319,0.08
2022-01-13 18:03:14,NF1,1642071794.7075593,1642071794.7076278,0.07
2022-01-13 18:03:16,NF1,1642071796.6361618,1642071796.636398,0.24
2022-01-13 18:03:18,NF1,1642071798.7572598,1642071798.7573159,0.06
2022-01-13 18:03:21,NF1,1642071801.5852642,1642071801.5852885,0.02
2022-01-13 18:03:24,NF1,1642071804.266949,1642071804.2671375,0.19
2022-01-13 18:03:26,NF1,1642071806.0358825,1642071806.0359771,0.09
2022-01-13 18:03:28,NF1,1642071808.2267587,1642071808.2267962,0.04
2022-01-13 18:03:30,NF1,1642071810.2388856,1642071810.2389133,0.03
2022-01-13 18:03:32,NF1,1642071812.5146248,1642071812.5146494,0.02
2022-01-13 18:03:34,NF1,1642071814.6024253,1642071814.6028633,0.44
2022-01-13 18:03:36,NF1,1642071816.7389915,1642071816.739056,0.06
2022-01-13 18:03:39,NF1,1642071819.0736172,1642071819.073642,0.02
2022-01-13 18:03:41,NF1,1642071821.241044,1642071821.2411036,0.06
2022-01-13 18:03:43,NF1,1642071823.5161717,1642071823.5162103,0.04
2022-01-13 18:03:46,NF1,1642071826.0462332,1642071826.0462573,0.02
2022-01-13 18:03:48,NF1,1642071828.3363023,1642071828.3364217,0.12
2022-01-13 18:03:50,NF1,1642071830.4776077,1642071830.4776676,0.06
2022-01-13 18:03:52,NF1,1642071832.567155,1642071832.5672247,0.07
2022-01-13 18:03:54,NF1,1642071834.705059,1642071834.7051282,0.07
2022-01-13 18:03:57,NF1,1642071837.107437,1642071837.107461,0.02
2022-01-13 18:03:59,NF1,1642071839.243584,1642071839.2436423,0.06
2022-01-13 18:04:02,NF1,1642071842.7568214,1642071842.756889,0.07
2022-01-13 18:04:04,NF1,1642071844.0191562,1642071844.019184,0.03
2022-01-13 18:04:06,NF1,1642071846.4605038,1642071846.4605505,0.05
2022-01-13 18:04:08,NF1,1642071848.3570888,1642071848.3571653,0.08
2022-01-13 18:04:10,NF1,1642071850.6138966,1642071850.6139667,0.07
2022-01-13 18:04:12,NF1,1642071852.698471,1642071852.6985357,0.06
2022-01-13 18:04:15,NF1,1642071855.0150757,1642071855.0151184,0.04
2022-01-13 18:04:17,NF1,1642071857.2066169,1642071857.2066567,0.04
2022-01-13 18:04:19,NF1,1642071859.4440794,1642071859.4441452,0.07
2022-01-13 18:04:21,NF1,1642071861.9882948,1642071861.9883206,0.03
2022-01-13 18:04:24,NF1,1642071864.206149,1642071864.2062185,0.07
2022-01-13 18:04:26,NF1,1642071866.3806586,1642071866.3806999,0.04
2022-01-13 18:04:28,NF1,1642071868.5561402,1642071868.5562525,0.11
2022-01-13 18:04:30,NF1,1642071870.7887194,1642071870.7887785,0.06
2022-01-13 18:04:33,NF1,1642071873.0112286,1642071873.0112526,0.02
2022-01-13 18:04:35,NF1,1642071875.2028127,1642071875.2028854,0.07
2022-01-13 18:04:37,NF1,1642071877.3203485,1642071877.3204205,0.07
2022-01-13 18:04:39,NF1,1642071879.9932785,1642071879.993302,0.02
2022-01-13 18:04:42,NF1,1642071882.590149,1642071882.590194,0.05
2022-01-13 18:04:44,NF1,1642071884.6724253,1642071884.6725094,0.08
2022-01-13 18:04:46,NF1,1642071886.573767,1642071886.5738122,0.05
2022-01-13 18:04:48,NF1,1642071888.6156998,1642071888.615744,0.04
2022-01-13 18:04:50,NF1,1642071890.9453409,1642071890.9453645,0.02
2022-01-13 18:04:53,NF1,1642071893.1158028,1642071893.1158388,0.04
2022-01-13 18:04:55,NF1,1642071895.4828565,1642071895.4828806,0.02
2022-01-13 18:04:57,NF1,1642071897.9261613,1642071897.9262047,0.04
2022-01-13 18:05:00,NF1,1642071900.1019971,1642071900.1020534,0.06
2022-01-13 18:05:02,NF1,1642071902.2853067,1642071902.2853765,0.07
2022-01-13 18:05:04,NF1,1642071904.4123302,1642071904.4123673,0.04
2022-01-13 18:05:06,NF1,1642071906.630859,1642071906.6314428,0.58
2022-01-13 18:05:08,NF1,1642071908.9264402,1642071908.9264896,0.05
2022-01-13 18:05:11,NF1,1642071911.1069815,1642071911.107025,0.04
2022-01-13 18:05:13,NF1,1642071913.2811277,1642071913.2811825,0.05
2022-01-13 18:05:15,NF1,1642071915.9719582,1642071915.9720163,0.06
2022-01-13 18:05:18,NF1,1642071918.07146,1642071918.0715208,0.06
2022-01-13 18:05:20,NF1,1642071920.233058,1642071920.2333086,0.25
2022-01-13 18:05:22,NF1,1642071922.3996131,1642071922.3998916,0.28
2022-01-13 18:05:24,NF1,1642071924.5633988,1642071924.563557,0.16
2022-01-13 18:05:26,NF1,1642071926.892903,1642071926.892944,0.04
2022-01-13 18:05:29,NF1,1642071929.0688853,1642071929.068941,0.06
2022-01-13 18:05:31,NF1,1642071931.25418,1642071931.2542183,0.04
2022-01-13 18:05:33,NF1,1642071933.8822799,1642071933.8823233,0.04
2022-01-13 18:05:36,NF1,1642071936.0603757,1642071936.0604188,0.04
2022-01-13 18:05:38,NF1,1642071938.2177012,1642071938.2177649,0.06
2022-01-13 18:05:40,NF1,1642071940.3888016,1642071940.388874,0.07
2022-01-13 18:05:42,NF1,1642071942.543989,1642071942.5440478,0.06
2022-01-13 18:05:44,NF1,1642071944.8778522,1642071944.8779464,0.09
2022-01-13 18:05:47,NF1,1642071947.0401177,1642071947.040145,0.03
2022-01-13 18:05:49,NF1,1642071949.2051802,1642071949.2052531,0.07
2022-01-13 18:05:51,NF1,1642071951.8648255,1642071951.8648884,0.06
2022-01-13 18:05:54,NF1,1642071954.0346408,1642071954.034735,0.09
2022-01-13 18:27:58,NF1,1642073278.948735,1642073278.948828,0.09
2022-01-13 18:28:05,NF1,1642073285.2667918,1642073285.2669742,0.18
2022-01-13 18:28:05,NF1,1642073285.2744963,1642073285.2745507,0.05
2022-01-13 18:28:05,NF1,1642073285.2878568,1642073285.2879171,0.06
2022-01-13 18:28:22,NF1,1642073302.587174,1642073302.5872605,0.09
2022-01-13 18:28:22,NF1,1642073302.6052244,1642073302.6053002,0.08
2022-01-13 18:28:22,NF1,1642073302.6115513,1642073302.6116004,0.05
2022-01-13 18:28:22,NF1,1642073302.6344426,1642073302.6345232,0.08
2022-01-13 18:28:22,NF1,1642073302.6412249,1642073302.6412945,0.07
2022-01-13 18:28:22,NF1,1642073302.646134,1642073302.6462042,0.07
2022-01-13 18:28:22,NF1,1642073302.6486328,1642073302.6486795,0.05
2022-01-13 18:28:22,NF1,1642073302.663262,1642073302.663316,0.05
2022-01-13 18:29:57,NF1,1642073397.2394772,1642073397.2395012,0.02
2022-01-13 18:29:59,NF1,1642073399.382964,1642073399.3830218,0.06
2022-01-13 18:30:05,NF1,1642073405.2295945,1642073405.2297716,0.18
2022-01-13 18:30:05,NF1,1642073405.263522,1642073405.2636395,0.12
2022-01-13 18:30:06,NF1,1642073406.0713375,1642073406.0713775,0.04
2022-01-13 18:30:08,NF1,1642073408.2527845,1642073408.2528334,0.05
2022-01-13 18:30:10,NF1,1642073410.402841,1642073410.4029067,0.07
2022-01-13 18:30:13,NF1,1642073413.0474286,1642073413.0474644,0.04
2022-01-13 18:30:15,NF1,1642073415.2205129,1642073415.2205708,0.06
2022-01-13 18:30:20,NF1,1642073420.3434277,1642073420.3435183,0.09
2022-01-13 18:30:20,NF1,1642073420.346147,1642073420.3461947,0.05
2022-01-13 18:30:21,NF1,1642073421.6886349,1642073421.688702,0.07
2022-01-13 18:30:24,NF1,1642073424.041881,1642073424.042011,0.13
2022-01-13 18:30:26,NF1,1642073426.2235465,1642073426.2235856,0.04
2022-01-13 18:30:28,NF1,1642073428.3865721,1642073428.3866274,0.06
2022-01-13 18:30:37,NF1,1642073437.561877,1642073437.562101,0.22
2022-01-13 18:30:37,NF1,1642073437.571469,1642073437.5715475,0.08
2022-01-13 18:30:37,NF1,1642073437.57591,1642073437.5759947,0.08
2022-01-13 18:30:37,NF1,1642073437.5873206,1642073437.587386,0.07
2022-01-13 18:30:39,NF1,1642073439.7014122,1642073439.7015617,0.15
2022-01-13 18:30:42,NF1,1642073442.031457,1642073442.031684,0.23
2022-01-13 18:30:44,NF1,1642073444.207989,1642073444.2080295,0.04
2022-01-13 18:30:46,NF1,1642073446.3540757,1642073446.3541293,0.05
2022-01-13 18:30:49,NF1,1642073449.6510863,1642073449.651222,0.14
2022-01-13 18:30:51,NF1,1642073451.2009873,1642073451.201058,0.07
2022-01-13 18:30:53,NF1,1642073453.3325987,1642073453.3326821,0.08
2022-01-13 18:30:55,NF1,1642073455.512442,1642073455.5125287,0.09
2022-01-13 18:30:57,NF1,1642073457.657286,1642073457.6574304,0.14
2022-01-13 18:31:00,NF1,1642073460.859922,1642073460.8600457,0.12
2022-01-13 18:31:02,NF1,1642073462.167007,1642073462.167062,0.06
2022-01-13 18:31:04,NF1,1642073464.344481,1642073464.3445358,0.05
2022-01-13 18:31:06,NF1,1642073466.9785533,1642073466.9785967,0.04
2022-01-13 18:31:09,NF1,1642073469.1574416,1642073469.157482,0.04
2022-01-13 18:31:11,NF1,1642073471.3209527,1642073471.3209884,0.04
2022-01-13 18:31:14,NF1,1642073474.342925,1642073474.3429868,0.06
2022-01-13 18:31:15,NF1,1642073475.6282437,1642073475.6283114,0.07
2022-01-13 18:31:17,NF1,1642073477.976062,1642073477.9760878,0.03
2022-01-13 18:31:20,NF1,1642073480.1559322,1642073480.1561608,0.23
2022-01-13 18:31:22,NF1,1642073482.3148758,1642073482.3150024,0.13
2022-01-13 18:31:29,NF1,1642073489.146098,1642073489.1461933,0.1
2022-01-13 18:31:29,NF1,1642073489.171105,1642073489.1711605,0.06
2022-01-13 18:31:29,NF1,1642073489.3041935,1642073489.3043048,0.11
2022-01-13 18:31:31,NF1,1642073491.444273,1642073491.4443784,0.11
2022-01-13 18:31:33,NF1,1642073493.6226096,1642073493.6226726,0.06
2022-01-13 18:31:35,NF1,1642073495.9454687,1642073495.945507,0.04
2022-01-13 18:31:38,NF1,1642073498.113011,1642073498.1130548,0.04
2022-01-13 18:31:41,NF1,1642073501.514223,1642073501.5143104,0.09
2022-01-13 18:31:42,NF1,1642073502.9242578,1642073502.9243233,0.07
2022-01-13 18:31:45,NF1,1642073505.1245136,1642073505.1245883,0.07
2022-01-13 18:31:47,NF1,1642073507.2777185,1642073507.2777913,0.07
2022-01-13 18:31:49,NF1,1642073509.4344296,1642073509.434598,0.17
2022-01-13 18:31:58,NF1,1642073518.5930657,1642073518.5931914,0.13
2022-01-13 18:31:58,NF1,1642073518.6007237,1642073518.600793,0.07
2022-01-13 18:31:58,NF1,1642073518.6142027,1642073518.6142492,0.05
2022-01-13 18:31:58,NF1,1642073518.616554,1642073518.6165934,0.04
2022-01-13 18:32:00,NF1,1642073520.9049823,1642073520.9050183,0.04
2022-01-13 18:32:03,NF1,1642073523.1067648,1642073523.1068342,0.07
2022-01-13 18:32:05,NF1,1642073525.2474427,1642073525.2475052,0.06
2022-01-13 18:32:07,NF1,1642073527.4030278,1642073527.4030867,0.06
2022-01-13 18:32:09,NF1,1642073529.5788002,1642073529.5789294,0.13
2022-01-13 18:32:11,NF1,1642073531.908362,1642073531.9084349,0.07
2022-01-13 18:32:14,NF1,1642073534.0807946,1642073534.0808516,0.06
2022-01-13 18:32:16,NF1,1642073536.2388406,1642073536.238885,0.04
2022-01-13 18:32:18,NF1,1642073538.888496,1642073538.8885353,0.04
2022-01-13 18:32:21,NF1,1642073541.0810049,1642073541.0810933,0.09
2022-01-13 18:32:23,NF1,1642073543.2396772,1642073543.239723,0.05
2022-01-13 18:32:25,NF1,1642073545.4022758,1642073545.4025092,0.23
2022-01-13 18:32:27,NF1,1642073547.5403557,1642073547.5404,0.04
2022-01-13 18:32:29,NF1,1642073549.8817313,1642073549.8817563,0.03
2022-01-13 18:32:32,NF1,1642073552.7258306,1642073552.7259374,0.11
2022-01-13 18:32:34,NF1,1642073554.2104928,1642073554.210521,0.03
2022-01-13 18:32:36,NF1,1642073556.8775225,1642073556.8775578,0.04
2022-01-13 18:32:39,NF1,1642073559.0329037,1642073559.0330772,0.17
2022-01-13 18:32:41,NF1,1642073561.1861207,1642073561.186167,0.05
2022-01-13 18:32:43,NF1,1642073563.352716,1642073563.3528993,0.18
2022-01-13 18:32:45,NF1,1642073565.5247822,1642073565.5248718,0.09
2022-01-13 18:32:47,NF1,1642073567.8721707,1642073567.872206,0.04
2022-01-13 18:32:51,NF1,1642073571.307402,1642073571.3074925,0.09
2022-01-13 18:32:52,NF1,1642073572.1979098,1642073572.1980045,0.09
2022-01-13 18:32:58,NF1,1642073578.006558,1642073578.0067372,0.18
2022-01-13 18:32:58,NF1,1642073578.025762,1642073578.0258527,0.09
2022-01-13 18:32:59,NF1,1642073579.1840513,1642073579.1840835,0.03
2022-01-13 18:33:01,NF1,1642073581.3476157,1642073581.3476834,0.07
2022-01-13 18:33:03,NF1,1642073583.5247018,1642073583.5247607,0.06
2022-01-13 18:33:05,NF1,1642073585.8423467,1642073585.8424566,0.11
2022-01-13 18:33:08,NF1,1642073588.0319939,1642073588.0320923,0.1
2022-01-13 18:33:10,NF1,1642073590.1701813,1642073590.170222,0.04
2022-01-13 18:33:12,NF1,1642073592.8139732,1642073592.8140044,0.03
2022-01-13 18:33:15,NF1,1642073595.0103657,1642073595.010428,0.06
2022-01-13 18:33:17,NF1,1642073597.1611547,1642073597.1612327,0.08
2022-01-13 18:33:19,NF1,1642073599.3056834,1642073599.3058014,0.12
2022-01-13 18:33:21,NF1,1642073601.9419265,1642073601.94199,0.06
2022-01-13 18:33:23,NF1,1642073603.81373,1642073603.8138306,0.1
2022-01-13 18:33:25,NF1,1642073605.9890227,1642073605.9891076,0.08
2022-01-13 18:33:29,NF1,1642073609.1704135,1642073609.170492,0.08
2022-01-13 18:33:30,NF1,1642073610.7855022,1642073610.78557,0.07
2022-01-13 18:33:34,NF1,1642073614.286397,1642073614.286542,0.14
2022-01-13 18:33:35,NF1,1642073615.1168416,1642073615.1169007,0.06
2022-01-13 18:33:37,NF1,1642073617.43163,1642073617.4316697,0.04
2022-01-13 18:33:39,NF1,1642073619.441281,1642073619.4413452,0.06
2022-01-13 18:33:41,NF1,1642073621.782942,1642073621.7829676,0.03
2022-01-13 18:33:43,NF1,1642073623.977277,1642073623.9773512,0.07
2022-01-13 18:33:50,NF1,1642073630.4734879,1642073630.4735663,0.08
2022-01-13 18:33:50,NF1,1642073630.4819922,1642073630.482075,0.08
2022-01-13 18:33:50,NF1,1642073630.960483,1642073630.9605563,0.07
2022-01-13 18:33:53,NF1,1642073633.1133194,1642073633.113389,0.07
2022-01-13 18:33:55,NF1,1642073635.2682285,1642073635.2684278,0.2
2022-01-13 18:33:57,NF1,1642073637.4457295,1642073637.4458115,0.08
2022-01-13 18:33:59,NF1,1642073639.7512822,1642073639.7513373,0.06
2022-01-13 18:34:01,NF1,1642073641.9251907,1642073641.9252262,0.04
2022-01-13 18:34:04,NF1,1642073644.0927784,1642073644.0928237,0.05
2022-01-13 18:34:06,NF1,1642073646.72753,1642073646.7275574,0.03
2022-01-13 18:34:08,NF1,1642073648.9640465,1642073648.9642243,0.18
2022-01-13 18:34:11,NF1,1642073651.0771146,1642073651.0771759,0.06
2022-01-13 18:34:22,NF1,1642073662.8379426,1642073662.8381305,0.19
2022-01-13 18:34:22,NF1,1642073662.8432817,1642073662.843349,0.07
2022-01-13 18:34:22,NF1,1642073662.853557,1642073662.8535964,0.04
2022-01-13 18:34:22,NF1,1642073662.8629062,1642073662.8630311,0.12
2022-01-13 18:34:22,NF1,1642073662.8700864,1642073662.870164,0.08
2022-01-13 18:34:24,NF1,1642073664.6975875,1642073664.6976674,0.08
2022-01-13 18:34:26,NF1,1642073666.8771224,1642073666.8771966,0.07
2022-01-13 18:34:29,NF1,1642073669.0518873,1642073669.0519624,0.08
2022-01-13 18:34:31,NF1,1642073671.2177312,1642073671.217798,0.07
2022-01-13 18:34:40,NF1,1642073680.0593665,1642073680.059551,0.18
2022-01-13 18:34:40,NF1,1642073680.0673335,1642073680.0674381,0.1
2022-01-13 18:34:40,NF1,1642073680.0821204,1642073680.0821724,0.05
2022-01-13 18:34:40,NF1,1642073680.0888252,1642073680.088879,0.05
2022-01-13 18:34:42,NF1,1642073682.6938834,1642073682.693923,0.04
2022-01-13 18:34:44,NF1,1642073684.8746567,1642073684.8747153,0.06
2022-01-13 18:34:47,NF1,1642073687.0161269,1642073687.01622,0.09
2022-01-13 18:34:49,NF1,1642073689.1778967,1642073689.1779444,0.05
2022-01-13 18:34:53,NF1,1642073693.8775036,1642073693.8775687,0.07
2022-01-13 18:34:53,NF1,1642073693.8799393,1642073693.879995,0.06
2022-01-13 18:34:55,NF1,1642073695.8862503,1642073695.886319,0.07
2022-01-13 18:34:58,NF1,1642073698.0007324,1642073698.0008721,0.14
2022-01-13 18:35:00,NF1,1642073700.6568384,1642073700.6568713,0.03
2022-01-13 18:35:02,NF1,1642073702.850298,1642073702.85037,0.07
2022-01-13 18:35:05,NF1,1642073705.4580567,1642073705.458216,0.16
2022-01-13 18:35:07,NF1,1642073707.148506,1642073707.148561,0.06
2022-01-13 18:35:09,NF1,1642073709.3365836,1642073709.3366323,0.05
2022-01-13 18:35:11,NF1,1642073711.6529496,1642073711.653003,0.05
2022-01-13 18:35:13,NF1,1642073713.841663,1642073713.84173,0.07
2022-01-13 18:35:15,NF1,1642073715.99252,1642073715.9926023,0.08
2022-01-13 18:35:18,NF1,1642073718.635651,1642073718.6357925,0.14
2022-01-13 18:35:20,NF1,1642073720.8174856,1642073720.8175316,0.05
2022-01-13 18:35:22,NF1,1642073722.9681885,1642073722.968249,0.06
2022-01-13 18:35:25,NF1,1642073725.120624,1642073725.1206915,0.07
2022-01-13 18:35:27,NF1,1642073727.2833278,1642073727.283368,0.04
2022-01-13 18:35:29,NF1,1642073729.6294453,1642073729.6294932,0.05
2022-01-13 18:35:31,NF1,1642073731.8030086,1642073731.8031123,0.1
2022-01-13 18:35:33,NF1,1642073733.9712164,1642073733.971297,0.08
2022-01-13 18:35:36,NF1,1642073736.6141398,1642073736.6142175,0.08
2022-01-13 18:35:38,NF1,1642073738.784281,1642073738.7843242,0.04
2022-01-13 18:35:40,NF1,1642073740.9579885,1642073740.958024,0.04
2022-01-13 18:35:43,NF1,1642073743.104847,1642073743.104939,0.09
2022-01-13 18:35:45,NF1,1642073745.2787564,1642073745.2788215,0.07
2022-01-13 18:35:49,NF1,1642073749.268532,1642073749.2690065,0.47
2022-01-13 18:35:49,NF1,1642073749.8126874,1642073749.8127456,0.06
2022-01-13 18:35:51,NF1,1642073751.964525,1642073751.964615,0.09
2022-01-13 18:35:54,NF1,1642073754.5919478,1642073754.5919719,0.02
2022-01-13 18:35:57,NF1,1642073757.1356382,1642073757.1359107,0.27
2022-01-13 18:35:59,NF1,1642073759.0111823,1642073759.011214,0.03
2022-01-13 18:36:01,NF1,1642073761.5601637,1642073761.5602815,0.12
2022-01-13 18:36:03,NF1,1642073763.2812815,1642073763.2813628,0.08
2022-01-13 18:36:05,NF1,1642073765.5843215,1642073765.5843492,0.03
2022-01-13 18:36:07,NF1,1642073767.8197951,1642073767.819884,0.09
2022-01-13 18:36:09,NF1,1642073769.933992,1642073769.9340782,0.09
2022-01-13 18:36:12,NF1,1642073772.5630102,1642073772.563073,0.06
2022-01-13 18:36:14,NF1,1642073774.7490625,1642073774.749125,0.06
2022-01-13 18:36:16,NF1,1642073776.8996599,1642073776.899748,0.09
2022-01-13 18:36:19,NF1,1642073779.05302,1642073779.0531003,0.08
2022-01-13 18:36:21,NF1,1642073781.2153287,1642073781.2154129,0.08
2022-01-13 18:36:23,NF1,1642073783.6043096,1642073783.6043844,0.07
2022-01-13 18:36:25,NF1,1642073785.737856,1642073785.7379177,0.06
2022-01-13 18:36:27,NF1,1642073787.9000409,1642073787.9000971,0.06
2022-01-13 18:36:30,NF1,1642073790.5368862,1642073790.5369375,0.05
2022-01-13 18:36:32,NF1,1642073792.9021893,1642073792.9022956,0.11
2022-01-13 18:36:34,NF1,1642073794.8884196,1642073794.8884895,0.07
2022-01-13 18:36:37,NF1,1642073797.059552,1642073797.059614,0.06
2022-01-13 18:36:39,NF1,1642073799.1909688,1642073799.191017,0.05
2022-01-13 18:36:41,NF1,1642073801.5319936,1642073801.5320928,0.1
2022-01-13 18:36:46,NF1,1642073806.0729597,1642073806.073053,0.09
2022-01-13 18:36:46,NF1,1642073806.085869,1642073806.0859632,0.09
2022-01-13 18:36:48,NF1,1642073808.5102446,1642073808.5102997,0.06
2022-01-13 18:36:50,NF1,1642073810.6993666,1642073810.6995497,0.18
2022-01-13 18:36:52,NF1,1642073812.8396528,1642073812.839686,0.03
2022-01-13 18:36:54,NF1,1642073814.9917307,1642073814.9917545,0.02
2022-01-13 18:36:58,NF1,1642073818.7031584,1642073818.703328,0.17
2022-01-13 18:36:59,NF1,1642073819.5412602,1642073819.541286,0.03
2022-01-13 18:37:01,NF1,1642073821.6937368,1642073821.6937938,0.06
2022-01-13 18:37:03,NF1,1642073823.8762114,1642073823.8763342,0.12
2022-01-13 18:37:06,NF1,1642073826.4860032,1642073826.4860408,0.04
2022-01-13 18:37:08,NF1,1642073828.6665535,1642073828.6666265,0.07
2022-01-13 18:37:15,NF1,1642073835.0406818,1642073835.0407655,0.08
2022-01-13 18:37:15,NF1,1642073835.046858,1642073835.046931,0.07
2022-01-13 18:37:15,NF1,1642073835.1489255,1642073835.1489751,0.05
2022-01-13 18:37:17,NF1,1642073837.4876382,1642073837.4876814,0.04
2022-01-13 18:37:19,NF1,1642073839.6601195,1642073839.6601548,0.04
2022-01-13 18:37:21,NF1,1642073841.8353481,1642073841.835472,0.12
2022-01-13 18:37:24,NF1,1642073844.4727588,1642073844.4727876,0.03
2022-01-13 18:37:29,NF1,1642073849.5836678,1642073849.5837972,0.13
2022-01-13 18:37:29,NF1,1642073849.5907707,1642073849.5908344,0.06
2022-01-13 18:37:30,NF1,1642073850.9802804,1642073850.9803228,0.04
2022-01-13 18:37:33,NF1,1642073853.1507475,1642073853.1508794,0.13
2022-01-13 18:37:35,NF1,1642073855.4720724,1642073855.4721727,0.1
2022-01-13 18:37:37,NF1,1642073857.6686947,1642073857.6687598,0.07
2022-01-13 18:37:43,NF1,1642073863.0181046,1642073863.0181801,0.08
2022-01-13 18:37:43,NF1,1642073863.0392313,1642073863.0392797,0.05
2022-01-13 18:37:44,NF1,1642073864.6176586,1642073864.6177013,0.04
2022-01-13 18:37:46,NF1,1642073866.8382955,1642073866.8383477,0.05
2022-01-13 18:37:48,NF1,1642073868.9471743,1642073868.9472299,0.06
2022-01-13 18:37:51,NF1,1642073871.1365309,1642073871.1365557,0.02
2022-01-13 18:37:53,NF1,1642073873.4212506,1642073873.421292,0.04
2022-01-13 18:37:55,NF1,1642073875.6187584,1642073875.6188378,0.08
2022-01-13 18:37:57,NF1,1642073877.7691412,1642073877.769198,0.06
2022-01-13 18:38:00,NF1,1642073880.4197733,1642073880.4198005,0.03
2022-01-13 18:38:02,NF1,1642073882.5857122,1642073882.5857794,0.07
2022-01-13 18:38:04,NF1,1642073884.7393942,1642073884.7394702,0.08
2022-01-13 18:38:06,NF1,1642073886.9380538,1642073886.9381206,0.07
2022-01-13 18:38:09,NF1,1642073889.060787,1642073889.0608544,0.07
2022-01-13 18:38:11,NF1,1642073891.4010456,1642073891.4011307,0.09
2022-01-13 18:38:13,NF1,1642073893.5828767,1642073893.5829172,0.04
2022-01-13 18:38:15,NF1,1642073895.7457275,1642073895.745797,0.07
2022-01-13 18:38:18,NF1,1642073898.863068,1642073898.863291,0.22
2022-01-13 18:38:20,NF1,1642073900.5666041,1642073900.5666847,0.08
2022-01-13 18:38:22,NF1,1642073902.7217653,1642073902.7218606,0.1
2022-01-13 18:38:25,NF1,1642073905.1861897,1642073905.1862864,0.1
2022-01-13 18:38:27,NF1,1642073907.0753868,1642073907.0754757,0.09
2022-01-13 18:38:47,NF1,1642073927.3409667,1642073927.3410482,0.08
2022-01-13 18:38:47,NF1,1642073927.3435063,1642073927.343554,0.05
2022-01-13 18:38:47,NF1,1642073927.3478854,1642073927.3479195,0.03
2022-01-13 18:38:47,NF1,1642073927.3576467,1642073927.357699,0.05
2022-01-13 18:38:47,NF1,1642073927.3736548,1642073927.3736968,0.04
2022-01-13 18:38:47,NF1,1642073927.3825233,1642073927.382586,0.06
2022-01-13 18:38:47,NF1,1642073927.4099731,1642073927.4100316,0.06
2022-01-13 18:38:47,NF1,1642073927.4276397,1642073927.427684,0.04
2022-01-13 18:38:47,NF1,1642073927.4377706,1642073927.4378285,0.06
2022-01-13 18:38:49,NF1,1642073929.537153,1642073929.53722,0.07
2022-01-13 18:38:51,NF1,1642073931.6881673,1642073931.688251,0.08
2022-01-13 18:38:54,NF1,1642073934.3363986,1642073934.336449,0.05
2022-01-13 18:38:56,NF1,1642073936.5245554,1642073936.5246289,0.07
